Report ID,Report Type,Arrest Date,Time,Area ID,Area Name,Reporting District,Age,Sex Code,Descent Code,Charge Group Code,Charge Group Description,Arrest Type Code,Charge,Charge Description,Disposition Description,Address,Cross Street,LAT,LON,Location,Booking Date,Booking Time,Booking Location,Booking Location Code
130322952,RFC,10/26/2013,1215,03,Southwest,0357,58,M,B,,,M,42.03(A)LAM,,MISDEMEANOR COMPLAINT FILED,FIGUEROA,EXPOSITION PARK              WY,34.014,-118.2827,POINT (-118.2827 34.014),,,,
110304013,RFC,12/31/2010,1900,03,Southwest,0378,20,M,H,23,Moving Traffic Violations,M,13004(C)VC,DISPLAY ANOTHER'S ID CARD,MISDEMEANOR COMPLAINT FILED,3900 S  FIGUEROA                     ST,,34.014,-118.2827,POINT (-118.2827 34.014),,,,
110304043,RFC,12/31/2010,1800,03,Southwest,0378,30,M,B,17,Liquor Laws,M,41.27HLAMC,POSS OPEN CONTAINER ALC BEV,MISDEMEANOR COMPLAINT FILED,39TH,FIGUEROA,34.014,-118.2827,POINT (-118.2827 34.014),,,,
110309494,RFC,03/27/2011,1700,03,Southwest,0359,41,M,B,24,Miscellaneous Other Violations,M,41.45CLAMC,ILLEGAL POSSESSION OF SHOPPING CART,MISDEMEANOR COMPLAINT FILED,FIGUEROA,39TH                         ST,34.014,-118.2827,POINT (-118.2827 34.014),,,,
110312357,RFC,05/11/2011,1250,03,Southwest,0378,54,M,B,24,Miscellaneous Other Violations,M,41.45CLAMC,ILLEGAL POSSESSION OF SHOPPING CART,MISDEMEANOR COMPLAINT FILED,FIGUEROA                     ST,EXPOSITION PARK              DR,34.014,-118.2827,POINT (-118.2827 34.014),,,,
110312724,RFC,05/17/2011,1235,03,Southwest,0378,51,M,B,24,Miscellaneous Other Violations,M,41.45CLAMC,ILLEGAL POSSESSION OF SHOPPING CART,MISDEMEANOR COMPLAINT FILED,FIGUEROA                     ST,39TH                         ST,34.014,-118.2827,POINT (-118.2827 34.014),,,,
110312936,RFC,05/21/2011,1405,03,Southwest,0378,32,M,H,16,Narcotic Drug Laws,M,11357(D)HS,MINOR POSS < 28.5 GRAMS MARIJUANA/SCHOOL,MISDEMEANOR COMPLAINT FILED,3900 S  FIGUEROA                     ST,,34.014,-118.2827,POINT (-118.2827 34.014),,,,
110317738,RFC,07/16/2011,1620,03,Southwest,0359,51,M,W,24,Miscellaneous Other Violations,M,42.00BLAMC,ILLEGAL STREET/SIDEWALK SALES,MISDEMEANOR COMPLAINT FILED,39TH                         ST,FIGUEROA,34.014,-118.2827,POINT (-118.2827 34.014),,,,
110319929,RFC,09/03/2011,1210,03,Southwest,0359,61,M,H,18,Drunkeness,M,41.27CLAMC,DRINKING IN PUBLIC,MISDEMEANOR COMPLAINT FILED,FIGUEROA,39TH                         ST,34.014,-118.2827,POINT (-118.2827 34.014),,,,
110319930,RFC,09/03/2011,1215,03,Southwest,0359,27,M,W,18,Drunkeness,M,41.27CLAMC,DRINKING IN PUBLIC,MISDEMEANOR COMPLAINT FILED,39TH                         ST,FIGUEROA,34.014,-118.2827,POINT (-118.2827 34.014),,,,
110319931,RFC,09/03/2011,1230,03,Southwest,0358,68,M,H,18,Drunkeness,M,41.27CLAMC,DRINKING IN PUBLIC,MISDEMEANOR COMPLAINT FILED,39TH,FIGUEROA,34.014,-118.2827,POINT (-118.2827 34.014),,,,
110319932,RFC,09/03/2011,1210,03,Southwest,0359,25,F,H,18,Drunkeness,M,41.27CLAMC,DRINKING IN PUBLIC,MISDEMEANOR COMPLAINT FILED,FIGUEROA,39TH,34.014,-118.2827,POINT (-118.2827 34.014),,,,
110319971,RFC,09/03/2011,1230,03,Southwest,0359,54,M,W,17,Liquor Laws,M,41.27HLAMC,POSS OPEN CONTAINER ALC BEV,MISDEMEANOR COMPLAINT FILED,FIGUEROA,39TH                         ST,34.014,-118.2827,POINT (-118.2827 34.014),,,,
110320022,RFC,09/03/2011,1230,03,Southwest,0378,33,M,W,18,Drunkeness,M,41.27CLAMC,DRINKING IN PUBLIC,MISDEMEANOR COMPLAINT FILED,FIGUEROA,39TH                         ST,34.014,-118.2827,POINT (-118.2827 34.014),,,,
110320437,RFC,09/10/2011,1620,03,Southwest,0359,79,M,B,24,Miscellaneous Other Violations,M,42.00BLAMC,ILLEGAL STREET/SIDEWALK SALES,MISDEMEANOR COMPLAINT FILED,39TH                         ST,FIGUEROA                     ST,34.014,-118.2827,POINT (-118.2827 34.014),,,,
110320861,RFC,09/17/2011,1620,03,Southwest,0359,57,M,B,24,Miscellaneous Other Violations,M,346PC,ILLEGAL RESALE OF TICKETS,MISDEMEANOR COMPLAINT FILED,39TH,FIGUEROA,34.014,-118.2827,POINT (-118.2827 34.014),,,,
110321310,RFC,09/21/2011,1350,03,Southwest,0397,53,M,B,18,Drunkeness,M,41.27CLAMC,DRINKING IN PUBLIC,MISDEMEANOR COMPLAINT FILED,FIGUEROA                     ST,39TH                         ST,34.014,-118.2827,POINT (-118.2827 34.014),,,,
110323141,RFC,10/06/2011,1300,03,Southwest,0378,56,M,B,24,Miscellaneous Other Violations,M,41.45CLAMC,ILLEGAL POSSESSION OF SHOPPING CART,MISDEMEANOR COMPLAINT FILED,FIGUEROA                     ST,39TH                         ST,34.014,-118.2827,POINT (-118.2827 34.014),,,,
110323573,RFC,10/29/2011,1645,03,Southwest,0378,23,F,W,17,Liquor Laws,M,25658(A)BP,SALE/ETC OF ALCOHOLIC BEVERAGE TO MINOR,MISDEMEANOR COMPLAINT FILED,3900 S  FIGUEROA                     ST,,34.014,-118.2827,POINT (-118.2827 34.014),,,,
110324399,RFC,11/07/2011,1810,03,Southwest,0359,61,M,B,10,Fraud/Embezzlement,M,565PC,UNAUTH POSS/USE DAIRY EQUIP VALUED < $400,MISDEMEANOR COMPLAINT FILED,39TH,FIGUEROA                     ST,34.014,-118.2827,POINT (-118.2827 34.014),,,,
140318695,RFC,08/30/2014,1600,03,Southwest,0359,59,M,B,,,M,42.02ALAMC,,MISDEMEANOR COMPLAINT FILED,3900 S  FIGUEROA                     ST,,34.014,-118.2827,POINT (-118.2827 34.014),,,,
120304992,RFC,12/31/2011,1315,03,Southwest,0303,66,M,B,24,Miscellaneous Other Violations,M,41.45CLAMC,ILLEGAL POSSESSION OF SHOPPING CART,MISDEMEANOR COMPLAINT FILED,FIGUEROA,39TH,34.014,-118.2827,POINT (-118.2827 34.014),,,,
120310295,RFC,04/11/2012,0135,03,Southwest,0359,22,M,B,16,Narcotic Drug Laws,M,11357BHS,POSSESS 28.5 GRAMS OR LESS OF MARIJUANA**,MISDEMEANOR COMPLAINT FILED,39TH                         ST,FIGUEROA                     ST,34.014,-118.2827,POINT (-118.2827 34.014),,,,
120315395,RFC,06/20/2012,1545,03,Southwest,0359,54,M,B,24,Miscellaneous Other Violations,M,41.45CLAMC,ILLEGAL POSSESSION OF SHOPPING CART,MISDEMEANOR COMPLAINT FILED,39TH                         ST,FIGUEROA,34.014,-118.2827,POINT (-118.2827 34.014),,,,
120320005,RFC,09/01/2012,1645,03,Southwest,0395,38,M,B,21,Gambling,M,42.03ALAMC,SCALPING,MISDEMEANOR COMPLAINT FILED,39TH                         ST,FIGUEROA,34.014,-118.2827,POINT (-118.2827 34.014),,,,
120320006,RFC,09/01/2012,1630,03,Southwest,0378,31,M,O,21,Gambling,M,42.03ALAMC,SCALPING,MISDEMEANOR COMPLAINT FILED,3900 S  FIGUEROA                     ST,,34.014,-118.2827,POINT (-118.2827 34.014),,,,
120325318,RFC,11/17/2012,1835,03,Southwest,0359,27,F,B,20,Disorderly Conduct,M,41.18DLAMC,SIT/LIE/SLEEP SIDEWALK OR STREET,MISDEMEANOR COMPLAINT FILED,3900 S  FIGUEROA                     ST,,34.014,-118.2827,POINT (-118.2827 34.014),,,,
130310867,RFC,04/19/2013,1405,03,Southwest,0359,32,F,B,24,Miscellaneous Other Violations,M,41.45CLAMC,ILLEGAL POSSESSION OF SHOPPING CART,MISDEMEANOR COMPLAINT FILED,FIGUEROA                     ST,39TH                         ST,34.014,-118.2827,POINT (-118.2827 34.014),,,,
130314057,RFC,06/05/2013,1325,03,Southwest,0359,48,F,W,17,Liquor Laws,M,25620BP,OPEN ALCOHOLIC BEV IN PUBLIC PARK/PLACE,MISDEMEANOR COMPLAINT FILED,FIGUEROA,39TH,34.014,-118.2827,POINT (-118.2827 34.014),,,,
130314247,RFC,06/07/2013,1600,03,Southwest,0359,57,M,B,24,Miscellaneous Other Violations,M,41.45CLAMC,ILLEGAL POSSESSION OF SHOPPING CART,MISDEMEANOR COMPLAINT FILED,FIGUEROA,39TH,34.014,-118.2827,POINT (-118.2827 34.014),,,,
130319200,RFC,08/27/2013,1540,03,Southwest,0359,46,M,B,18,Drunkeness,M,41.27CLAMC,DRINKING IN PUBLIC,MISDEMEANOR COMPLAINT FILED,39TH,FIGUEROA,34.014,-118.2827,POINT (-118.2827 34.014),,,,
180321828,RFC,09/18/2018,1515,03,Southwest,0359,52,F,B,,,I,41.45(C)LAM,,MISDEMEANOR COMPLAINT FILED,FIGUEROA,EXPOSITION PARK              DR,34.014,-118.2827,POINT (-118.2827 34.014),,,,
180321827,RFC,09/18/2018,1530,03,Southwest,0378,58,M,B,,,I,41.45(C)LAM,,MISDEMEANOR COMPLAINT FILED,FIGUEROA,EXPOSITION PARK              DR,34.014,-118.2827,POINT (-118.2827 34.014),,,,
140309499,RFC,03/26/2014,1153,03,Southwest,0378,15,M,H,24,Miscellaneous Other Violations,M,45.03LAMC,CURFEW - JUV ONLY,,39TH,FIGUEROA,34.014,-118.2827,POINT (-118.2827 34.014),,,,
140309500,RFC,03/26/2014,2353,03,Southwest,0378,14,M,H,24,Miscellaneous Other Violations,M,45.03LAMC,CURFEW - JUV ONLY,,39TH,FIGUEROA,34.014,-118.2827,POINT (-118.2827 34.014),,,,
140313570,RFC,06/06/2014,1430,03,Southwest,0359,54,M,B,18,Drunkeness,M,41.27CLAMC,DRINKING IN PUBLIC,MISDEMEANOR COMPLAINT FILED,FIGUEROA,39TH,34.014,-118.2827,POINT (-118.2827 34.014),,,,
140318686,RFC,08/30/2014,1600,03,Southwest,0359,58,M,B,24,Miscellaneous Other Violations,M,42.02LAMC,SOLICTIT BUS SDWK,MISDEMEANOR COMPLAINT FILED,3900 S  FIGUEROA                     ST,,34.014,-118.2827,POINT (-118.2827 34.014),,,,
140324586,RFC,11/29/2014,1305,03,Southwest,0378,27,M,H,16,Narcotic Drug Laws,M,11357BHS,POSSESS 28.5 GRAMS OR LESS OF MARIJUANA**,MISDEMEANOR COMPLAINT FILED,3900 S  FIGUEROA                     ST,,34.014,-118.2827,POINT (-118.2827 34.014),,,,
150315699,RFC,07/03/2015,2000,03,Southwest,0378,61,M,B,18,Drunkeness,M,41.27CLAMC,DRINKING IN PUBLIC,MISDEMEANOR COMPLAINT FILED,FIGUEROA                     ST,39TH                         ST,34.014,-118.2827,POINT (-118.2827 34.014),,,,
150325819,RFC,12/02/2015,1850,03,Southwest,0359,40,M,H,18,Drunkeness,M,41.27DLAMC,POSS ALCH BEV ON POSTED PREM,MISDEMEANOR COMPLAINT FILED,FIGUEROA,39TH,34.014,-118.2827,POINT (-118.2827 34.014),,,,
160304707,RFC,01/08/2016,1955,03,Southwest,0378,35,M,H,18,Drunkeness,I,41.27CLAMC,DRINKING IN PUBLIC,MISDEMEANOR COMPLAINT FILED,FIGUEROA                     ST,39TH                         ST,34.014,-118.2827,POINT (-118.2827 34.014),,,,
170306948,RFC,02/08/2017,1335,03,Southwest,0359,60,M,B,18,Drunkeness,I,41.27CLAMC,DRINKING IN PUBLIC,MISDEMEANOR COMPLAINT FILED,39TH,FIGUEROA,34.014,-118.2827,POINT (-118.2827 34.014),,,,
2180001,BOOKING,01/01/2010,0045,03,Southwest,0378,22,M,H,16,Narcotic Drug Laws,F,11378HS,POSSESSION CONTROLLED SUBSTANCE FOR SALE,FELONY COMPLAINT FILED,3900 S  FIGUEROA                     ST,,34.014,-118.2827,POINT (-118.2827 34.014),01/01/2010 12:00:00 AM,0946,77TH ST,4212
2190740,BOOKING,01/10/2010,2100,03,Southwest,0359,49,M,B,24,Miscellaneous Other Violations,F,3056PC,VIOLATION OF PAROLE:FELONY,849(B)(1) PC/TECHNICAL ARREST,FIGUEROA,39TH                         ST,34.014,-118.2827,POINT (-118.2827 34.014),01/11/2010 12:00:00 AM,0002,77TH ST,4212
2300265,BOOKING,04/16/2010,1400,03,Southwest,0359,54,F,B,06,Larceny,F,666PC,PETTY THEFT W/SPECIFIED PRIOR CONVICTION,849(B)(1) PC/TECHNICAL ARREST,3900    FIGUEROA                     AV,,34.014,-118.2827,POINT (-118.2827 34.014),04/16/2010 12:00:00 AM,1521,77TH ST,4212
2310413,BOOKING,04/25/2010,2230,03,Southwest,0378,53,M,H,22,Driving Under Influence,M,23152(A)VC,DRUNK DRIVING ALCOHOL/DRUGS,MISDEMEANOR COMPLAINT FILED,FIGUEROA                     ST,39TH                         ST,34.014,-118.2827,POINT (-118.2827 34.014),04/25/2010 12:00:00 AM,2333,SOUTHWEST,4203
2336571,BOOKING,05/17/2010,2245,03,Southwest,0359,28,M,B,24,Miscellaneous Other Violations,F,422PC,CRIMINAL THREATS,,39TH                         ST,FIGUEROA                     ST,34.014,-118.2827,POINT (-118.2827 34.014),05/18/2010 12:00:00 AM,0056,SOUTHWEST,4203
2343452,BOOKING,05/23/2010,2130,11,Northeast,1136,19,M,H,12,Weapon (carry/poss),F,12031A2CPC,GANG MEMB:CLF/ARM:PUB/ETC,FELONY COMPLAINT FILED,3900    FIGUEROA,,34.014,-118.2827,POINT (-118.2827 34.014),05/23/2010 12:00:00 AM,2323,METRO - JAIL DIVISION,4273
2352494,BOOKING,05/31/2010,1745,03,Southwest,0378,19,M,H,24,Miscellaneous Other Violations,M,853.7PC,FTA AFTER WRITTEN PROMISE,,3900 S  FIGUEROA                     ST,,34.014,-118.2827,POINT (-118.2827 34.014),05/31/2010 12:00:00 AM,1943,SOUTHWEST,4203
2381701,BOOKING,06/25/2010,1805,03,Southwest,0378,19,M,H,24,Miscellaneous Other Violations,M,602(K)PC,TRESPASSING LANDS UNDER CULTIVATION,MISDEMEANOR COMPLAINT FILED,3900 S  FIGUEROA                     ST,,34.014,-118.2827,POINT (-118.2827 34.014),06/25/2010 12:00:00 AM,2104,77TH ST,4212
2381748,BOOKING,06/25/2010,1850,03,Southwest,0378,33,M,B,16,Narcotic Drug Laws,F,11377(A)HS,POSSESSION CONTROLLED SUBSTANCE,MISDEMEANOR COMPLAINT FILED,39TH                         LN,FIGUEROA,34.014,-118.2827,POINT (-118.2827 34.014),06/25/2010 12:00:00 AM,2130,77TH ST,4212
2382577,BOOKING,06/26/2010,1405,03,Southwest,0378,20,M,W,16,Narcotic Drug Laws,F,11378HS,POSSESSION CONTROLLED SUBSTANCE FOR SALE,FELONY COMPLAINT FILED,39TH,FIGUEROA                     ST,34.014,-118.2827,POINT (-118.2827 34.014),06/26/2010 12:00:00 AM,1653,77TH ST,4212
2382614,BOOKING,06/26/2010,1530,03,Southwest,0378,23,M,W,16,Narcotic Drug Laws,F,11377(A)HS,POSSESSION CONTROLLED SUBSTANCE,MISDEMEANOR COMPLAINT FILED,39TH                         ST,FIGUEROA,34.014,-118.2827,POINT (-118.2827 34.014),06/26/2010 12:00:00 AM,1721,77TH ST,4212
2382618,BOOKING,06/26/2010,1415,03,Southwest,0378,25,M,O,16,Narcotic Drug Laws,F,11378HS,POSSESSION CONTROLLED SUBSTANCE FOR SALE,849(B)(1) PC/TECHNICAL ARREST,39TH,FIGUEROA                     ST,34.014,-118.2827,POINT (-118.2827 34.014),06/26/2010 12:00:00 AM,1723,77TH ST,4212
2382620,BOOKING,06/26/2010,1600,03,Southwest,0378,25,M,W,16,Narcotic Drug Laws,F,11377(A)HS,POSSESSION CONTROLLED SUBSTANCE,FELONY COMPLAINT FILED,39TH                         ST,FIGUEROA                     ST,34.014,-118.2827,POINT (-118.2827 34.014),06/26/2010 12:00:00 AM,1727,77TH ST,4212
2382634,BOOKING,06/26/2010,1540,03,Southwest,0378,25,F,W,16,Narcotic Drug Laws,F,11379HS,TRANSPORT/SELL CONTROLLED SUBSTANCE,FELONY COMPLAINT FILED,3900 S  FIGUEROA                     ST,,34.014,-118.2827,POINT (-118.2827 34.014),06/26/2010 12:00:00 AM,1745,77TH ST,4212
2382660,BOOKING,06/26/2010,1515,03,Southwest,0378,17,M,W,16,Narcotic Drug Laws,F,11378HS,POSSESSION CONTROLLED SUBSTANCE FOR SALE,,3900    FIGUEROA                     BL,,34.014,-118.2827,POINT (-118.2827 34.014),06/26/2010 12:00:00 AM,1802,77TH ST,4212
2382662,BOOKING,06/26/2010,1405,03,Southwest,0378,19,M,H,16,Narcotic Drug Laws,F,11377(A)HS,POSSESSION CONTROLLED SUBSTANCE,849(B)(1) PC/TECHNICAL ARREST,39TH                         ST,FIGUEROA,34.014,-118.2827,POINT (-118.2827 34.014),06/26/2010 12:00:00 AM,1804,77TH ST,4212
2382678,BOOKING,06/26/2010,1515,03,Southwest,0378,18,M,W,16,Narcotic Drug Laws,F,11377(A)HS,POSSESSION CONTROLLED SUBSTANCE,FELONY COMPLAINT FILED,39TH,FIGUEROA                     ST,34.014,-118.2827,POINT (-118.2827 34.014),06/26/2010 12:00:00 AM,1816,77TH ST,4212
2382692,BOOKING,06/26/2010,1700,03,Southwest,0378,21,M,W,16,Narcotic Drug Laws,F,11377(A)HS,POSSESSION CONTROLLED SUBSTANCE,FELONY COMPLAINT FILED,39TH                         ST,FIGUEROA                     ST,34.014,-118.2827,POINT (-118.2827 34.014),06/26/2010 12:00:00 AM,1832,77TH ST,4212
2382703,BOOKING,06/26/2010,1515,03,Southwest,0378,19,M,W,16,Narcotic Drug Laws,F,11377(A)HS,POSSESSION CONTROLLED SUBSTANCE,FELONY COMPLAINT FILED,FIGUEROA                     ST,39TH                         ST,34.014,-118.2827,POINT (-118.2827 34.014),06/26/2010 12:00:00 AM,1839,77TH ST,4212
2382749,BOOKING,06/26/2010,1640,03,Southwest,0378,22,M,H,16,Narcotic Drug Laws,F,11377(A)HS,POSSESSION CONTROLLED SUBSTANCE,849(B)(1) PC/TECHNICAL ARREST,39TH,FIGUEROA,34.014,-118.2827,POINT (-118.2827 34.014),06/26/2010 12:00:00 AM,1934,77TH ST,4212
2382857,BOOKING,06/26/2010,1910,03,Southwest,0395,17,M,O,08,Other Assaults,M,243(B)PC,BATTERY ON PO/EMERGENCY PERSONNEL W/O INJ,,3900 S  FIGUEROA,,34.014,-118.2827,POINT (-118.2827 34.014),06/26/2010 12:00:00 AM,2104,77TH ST,4212
2382886,BOOKING,06/26/2010,2030,03,Southwest,0319,19,M,H,08,Other Assaults,M,148(A)(1)PC,OBSTRUCT/ETC PUB OFCR/ETC,MISDEMEANOR COMPLAINT FILED,FIGUEROA                     ST,39TH                         ST,34.014,-118.2827,POINT (-118.2827 34.014),06/26/2010 12:00:00 AM,2127,77TH ST,4212
2449733,BOOKING,08/21/2010,1850,03,Southwest,0378,38,M,O,16,Narcotic Drug Laws,F,11377(A)HS,POSSESSION CONTROLLED SUBSTANCE,CITY ATTORNEY REJECT,3900 S  FIGUEROA                     ST,,34.014,-118.2827,POINT (-118.2827 34.014),08/21/2010 12:00:00 AM,2104,77TH ST,4212
2449748,BOOKING,08/21/2010,1820,03,Southwest,0378,20,M,H,16,Narcotic Drug Laws,F,11377(A)HS,POSSESSION CONTROLLED SUBSTANCE,CITY ATTORNEY REJECT,3900 S  FIGUEROA                     ST,,34.014,-118.2827,POINT (-118.2827 34.014),08/21/2010 12:00:00 AM,2113,77TH ST,4212
2449868,BOOKING,08/21/2010,1930,03,Southwest,0373,22,F,H,16,Narcotic Drug Laws,F,A11378HS,ATTEMPT - POSSESSION CNTL SUBS FOR SALE,FELONY COMPLAINT FILED,3900    FIGUEROA,,34.014,-118.2827,POINT (-118.2827 34.014),08/21/2010 12:00:00 AM,2236,77TH ST,4212
2449878,BOOKING,08/21/2010,1715,03,Southwest,0397,31,M,W,16,Narcotic Drug Laws,F,11350(A)HS,POSSESSION NARCOTIC CONTROLLED SUBSTANCE,FELONY COMPLAINT FILED,3900 S  FIGUEROA,,34.014,-118.2827,POINT (-118.2827 34.014),08/21/2010 12:00:00 AM,2245,77TH ST,4212
2449892,BOOKING,08/21/2010,1645,03,Southwest,0397,19,M,W,16,Narcotic Drug Laws,F,11377(A)HS,POSSESSION CONTROLLED SUBSTANCE,MISDEMEANOR COMPLAINT FILED,3900 S  FIGUEROA,,34.014,-118.2827,POINT (-118.2827 34.014),08/21/2010 12:00:00 AM,2259,77TH ST,4212
2449898,BOOKING,08/21/2010,2045,03,Southwest,0379,20,M,H,16,Narcotic Drug Laws,F,11378HS,POSSESSION CONTROLLED SUBSTANCE FOR SALE,MISDEMEANOR COMPLAINT FILED,3900    FIGUEROA,,34.014,-118.2827,POINT (-118.2827 34.014),08/21/2010 12:00:00 AM,2305,77TH ST,4212
2449947,BOOKING,08/21/2010,2130,03,Southwest,0397,19,F,H,16,Narcotic Drug Laws,F,11377(A)HS,POSSESSION CONTROLLED SUBSTANCE,CITY ATTORNEY REJECT,3900 S  FIGUEROA,,34.014,-118.2827,POINT (-118.2827 34.014),08/21/2010 12:00:00 AM,2347,77TH ST,4212
2469695,BOOKING,09/07/2010,1930,03,Southwest,0378,15,M,B,03,Robbery,F,211PC,ROBBERY,OTHER DISPOSITION,3900    FIGUEROA                     AV,,34.014,-118.2827,POINT (-118.2827 34.014),09/07/2010 12:00:00 AM,2303,77TH ST,4212
2469700,BOOKING,09/07/2010,1930,03,Southwest,0378,17,M,B,03,Robbery,F,211PC,ROBBERY,EXONERATED/INNOCENT,3900    FIGUEROA                     ST,,34.014,-118.2827,POINT (-118.2827 34.014),09/07/2010 12:00:00 AM,2306,77TH ST,4212
2475424,BOOKING,09/12/2010,1805,03,Southwest,0359,45,M,B,08,Other Assaults,M,243(E)(1)PC,BATT EX-SPOUSE/FIANCEE/PERSN W/DATING REL,MISDEMEANOR COMPLAINT FILED,39TH                         ST,FIGUEROA                     AV,34.014,-118.2827,POINT (-118.2827 34.014),09/12/2010 12:00:00 AM,2144,METRO - JAIL DIVISION,4273
2499772,BOOKING,10/02/2010,1945,03,Southwest,0379,36,F,H,04,Aggravated Assault,F,243(D)PC,BATTERY W/GBI,MISDEMEANOR COMPLAINT FILED,3900 S  FIGUEROA                     AV,,34.014,-118.2827,POINT (-118.2827 34.014),10/02/2010 12:00:00 AM,2324,77TH ST,4212
2513785,BOOKING,10/14/2010,2130,03,Southwest,0378,27,M,H,24,Miscellaneous Other Violations,F,3056PC,VIOLATION OF PAROLE:FELONY,,3900 S  FIGUEROA                     ST,,34.014,-118.2827,POINT (-118.2827 34.014),10/15/2010 12:00:00 AM,0026,77TH ST,4212
2515620,BOOKING,10/16/2010,1150,03,Southwest,0359,33,M,H,24,Miscellaneous Other Violations,M,LAMC,LOS ANGELES MUNICIPAL CODE,MISDEMEANOR COMPLAINT FILED,39TH                         ST,FIGUEROA,34.014,-118.2827,POINT (-118.2827 34.014),10/16/2010 12:00:00 AM,1436,77TH ST,4212
2515623,BOOKING,10/16/2010,1150,03,Southwest,0359,33,M,B,24,Miscellaneous Other Violations,M,LAMC,LOS ANGELES MUNICIPAL CODE,MISDEMEANOR COMPLAINT FILED,39TH,FIGUEROA,34.014,-118.2827,POINT (-118.2827 34.014),10/16/2010 12:00:00 AM,1439,77TH ST,4212
2515633,BOOKING,10/16/2010,1150,03,Southwest,0359,55,M,B,24,Miscellaneous Other Violations,M,LAMC,LOS ANGELES MUNICIPAL CODE,MISDEMEANOR COMPLAINT FILED,FIGUEROA,39TH,34.014,-118.2827,POINT (-118.2827 34.014),10/16/2010 12:00:00 AM,1457,77TH ST,4212
2518442,BOOKING,10/19/2010,1020,03,Southwest,0359,59,M,H,08,Other Assaults,F,242PC,BATTERY ON NONCOHABITATING FORMER SPOUSE,FELONY COMPLAINT FILED,3900 S  FIGUEROA                     ST,,34.014,-118.2827,POINT (-118.2827 34.014),10/19/2010 12:00:00 AM,1236,77TH ST,4212
2523312,BOOKING,10/23/2010,1700,03,Southwest,0378,19,M,W,16,Narcotic Drug Laws,F,11377(A)HS,POSSESSION CONTROLLED SUBSTANCE,MISDEMEANOR COMPLAINT FILED,39TH                         ST,FIGUEROA,34.014,-118.2827,POINT (-118.2827 34.014),10/23/2010 12:00:00 AM,1900,77TH ST,4212
2523423,BOOKING,10/23/2010,1925,03,Southwest,0378,18,M,H,18,Drunkeness,M,647(F)PC,"DISORD CONDUCT:UI/DRUG, ALCOHOL",MISDEMEANOR COMPLAINT FILED,39TH                         ST,FIGUEROA,34.014,-118.2827,POINT (-118.2827 34.014),10/23/2010 12:00:00 AM,2118,77TH ST,4212
2523501,BOOKING,10/23/2010,2100,03,Southwest,0378,15,M,H,04,Aggravated Assault,F,23110(B)VC,THROW SUBSTANCE AT VEHICLE W/GBI INTENT,,FIGUEROA                     ST,39TH                         ST,34.014,-118.2827,POINT (-118.2827 34.014),10/23/2010 12:00:00 AM,2253,77TH ST,4212
2523518,BOOKING,10/23/2010,2120,03,Southwest,0378,19,F,W,16,Narcotic Drug Laws,F,11378HS,POSSESSION CONTROLLED SUBSTANCE FOR SALE,FELONY COMPLAINT FILED,3900 S  FIGUEROA                     ST,,34.014,-118.2827,POINT (-118.2827 34.014),10/23/2010 12:00:00 AM,2313,77TH ST,4212
2523529,BOOKING,10/23/2010,2120,03,Southwest,0378,26,M,O,16,Narcotic Drug Laws,F,11377(A)HS,POSSESSION CONTROLLED SUBSTANCE,CITY ATTORNEY REJECT,3900 S  FIGUEROA                     ST,,34.014,-118.2827,POINT (-118.2827 34.014),10/23/2010 12:00:00 AM,2324,77TH ST,4212
2523533,BOOKING,10/23/2010,2120,03,Southwest,0378,20,M,W,16,Narcotic Drug Laws,F,11378HS,POSSESSION CONTROLLED SUBSTANCE FOR SALE,DISTRICT ATTORNEY REJECT,3900 S  FIGUEROA                     ST,,34.014,-118.2827,POINT (-118.2827 34.014),10/23/2010 12:00:00 AM,2330,77TH ST,4212
2523537,BOOKING,10/23/2010,2105,03,Southwest,0378,17,M,H,08,Other Assaults,M,242PC,BATTERY ON NONCOHABITATING FORMER SPOUSE,,3900 S  FIGUEROA                     ST,,34.014,-118.2827,POINT (-118.2827 34.014),10/23/2010 12:00:00 AM,2334,77TH ST,4212
2523544,BOOKING,10/23/2010,2220,03,Southwest,0378,17,M,H,24,Miscellaneous Other Violations,M,602(L)PC,ENTER/OCCUPY PROPERTY W/O CONSENT,,3900 S  FIGUEROA                     ST,,34.014,-118.2827,POINT (-118.2827 34.014),10/23/2010 12:00:00 AM,2339,77TH ST,4212
2523550,BOOKING,10/23/2010,2030,03,Southwest,0378,25,M,W,16,Narcotic Drug Laws,F,11377(A)HS,POSSESSION CONTROLLED SUBSTANCE,MISDEMEANOR COMPLAINT FILED,39TH,FIGUEROA,34.014,-118.2827,POINT (-118.2827 34.014),10/23/2010 12:00:00 AM,2347,77TH ST,4212
2523588,BOOKING,10/23/2010,2100,03,Southwest,0377,18,M,H,24,Miscellaneous Other Violations,M,602(K)PC,TRESPASSING LANDS UNDER CULTIVATION,MISDEMEANOR COMPLAINT FILED,3900 S  FIGUEROA,,34.014,-118.2827,POINT (-118.2827 34.014),10/24/2010 12:00:00 AM,0013,77TH ST,4212
2523640,BOOKING,10/23/2010,2210,03,Southwest,0378,20,M,H,16,Narcotic Drug Laws,F,11377(A)HS,POSSESSION CONTROLLED SUBSTANCE,CITY ATTORNEY REJECT,3900 S  FIGUEROA                     ST,,34.014,-118.2827,POINT (-118.2827 34.014),10/24/2010 12:00:00 AM,0110,77TH ST,4212
2523642,BOOKING,10/23/2010,2215,03,Southwest,0358,18,M,H,24,Miscellaneous Other Violations,M,602(K)PC,TRESPASSING LANDS UNDER CULTIVATION,MISDEMEANOR COMPLAINT FILED,39TH,FIGUEROA,34.014,-118.2827,POINT (-118.2827 34.014),10/24/2010 12:00:00 AM,0110,77TH ST,4212
2523670,BOOKING,10/23/2010,2350,03,Southwest,0378,21,M,O,24,Miscellaneous Other Violations,M,602(K)PC,TRESPASSING LANDS UNDER CULTIVATION,MISDEMEANOR COMPLAINT FILED,3900 S  FIGUEROA                     ST,,34.014,-118.2827,POINT (-118.2827 34.014),10/24/2010 12:00:00 AM,0136,77TH ST,4212
2530759,BOOKING,10/30/2010,1700,03,Southwest,0359,49,M,B,24,Miscellaneous Other Violations,M,LAMC,LOS ANGELES MUNICIPAL CODE,MISDEMEANOR COMPLAINT FILED,39TH,FIGUEROA,34.014,-118.2827,POINT (-118.2827 34.014),10/30/2010 12:00:00 AM,2014,77TH ST,4212
2593602,BOOKING,12/31/2010,1850,03,Southwest,0378,17,M,W,16,Narcotic Drug Laws,F,11378HS,POSSESSION CONTROLLED SUBSTANCE FOR SALE,,3900 S  FIGUEROA                     ST,,34.014,-118.2827,POINT (-118.2827 34.014),12/31/2010 12:00:00 AM,2045,SOUTHWEST,4203
2593636,BOOKING,12/31/2010,1950,03,Southwest,0378,20,M,W,16,Narcotic Drug Laws,F,11378HS,POSSESSION CONTROLLED SUBSTANCE FOR SALE,FELONY COMPLAINT FILED,3900 S  FIGUEROA                     AV,,34.014,-118.2827,POINT (-118.2827 34.014),12/31/2010 12:00:00 AM,2119,SOUTHWEST,4203
2609503,BOOKING,01/15/2011,0400,03,Southwest,0359,25,M,W,05,Burglary,F,459PC,BURGLARY,FELONY COMPLAINT FILED,39TH,FIGUEROA,34.014,-118.2827,POINT (-118.2827 34.014),01/15/2011 12:00:00 AM,1007,77TH ST,4212
2634040,BOOKING,02/05/2011,0715,03,Southwest,0359,54,M,B,04,Aggravated Assault,F,273.5(A)PC,CORPORAL INJURY ON SPOUSE/COHABITANT/ETC,MISDEMEANOR COMPLAINT FILED,39TH                         PL,S  FIGUEROA                     ST,34.014,-118.2827,POINT (-118.2827 34.014),02/05/2011 12:00:00 AM,1040,METRO - JAIL DIVISION,4273
2719521,BOOKING,04/26/2011,1100,03,Southwest,0395,20,M,H,24,Miscellaneous Other Violations,F,594(A)(1)PC,DEFACE PROPERTY,MISDEMEANOR COMPLAINT FILED,3900    FIGUEROA                     ST,,34.014,-118.2827,POINT (-118.2827 34.014),04/26/2011 12:00:00 AM,1221,77TH ST,4212
2735088,BOOKING,05/10/2011,1510,03,Southwest,0378,46,M,B,16,Narcotic Drug Laws,F,11350(A)HS,POSSESSION NARCOTIC CONTROLLED SUBSTANCE,FELONY COMPLAINT FILED,FIGUEROA                     ST,39TH                         ST,34.014,-118.2827,POINT (-118.2827 34.014),05/10/2011 12:00:00 AM,1736,77TH ST,4212
2736062,BOOKING,05/11/2011,1340,03,Southwest,0378,54,M,B,24,Miscellaneous Other Violations,F,3056PC,VIOLATION OF PAROLE:FELONY,849(B)(1) PC/TECHNICAL ARREST,FIGUEROA                     ST,EXPOSITION PARK              DR,34.014,-118.2827,POINT (-118.2827 34.014),05/11/2011 12:00:00 AM,1514,77TH ST,4212
2745454,BOOKING,05/19/2011,2050,03,Southwest,0359,44,M,H,22,Driving Under Influence,M,23152(A)VC,DRUNK DRIVING ALCOHOL/DRUGS,MISDEMEANOR COMPLAINT FILED,FIGUEROA                     ST,39TH                         ST,34.014,-118.2827,POINT (-118.2827 34.014),05/19/2011 12:00:00 AM,2243,77TH ST,4212
2754611,BOOKING,07/30/2011,2300,03,Southwest,0378,34,F,H,04,Aggravated Assault,F,243(D)PC,BATTERY W/GBI,MISDEMEANOR COMPLAINT FILED,3900 S  FIGUEROA                     ST,,34.014,-118.2827,POINT (-118.2827 34.014),07/31/2011 12:00:00 AM,0421,77TH ST,4212
2811733,BOOKING,07/16/2011,2130,03,Southwest,0378,47,M,H,14,Sex (except rape/prst),M,243.4(D)PC,SEXUAL BATT-TOUCH INTIMATE PART OF OTHER,MISDEMEANOR COMPLAINT FILED,3900 S  FIGUEROA                     ST,,34.014,-118.2827,POINT (-118.2827 34.014),07/16/2011 12:00:00 AM,2318,SOUTHWEST,4203
2812348,BOOKING,07/17/2011,1334,03,Southwest,0378,18,M,H,24,Miscellaneous Other Violations,F,422PC,CRIMINAL THREATS,,39TH                         ST,FIGUEROA                     ST,34.014,-118.2827,POINT (-118.2827 34.014),07/17/2011 12:00:00 AM,1634,77TH ST,4212
2813184,BOOKING,07/18/2011,1315,03,Southwest,0378,28,M,H,02,Rape,F,261(A)(2)PC,RAPE BY FORCE/FEAR,DISTRICT ATTORNEY REJECT,3900 S  FIGUEROA                     ST,,34.014,-118.2827,POINT (-118.2827 34.014),07/18/2011 12:00:00 AM,1401,VALLEY - JAIL DIV,4279
2852567,BOOKING,08/22/2011,2211,03,Southwest,0359,23,F,B,22,Driving Under Influence,M,23152(A)VC,DRUNK DRIVING ALCOHOL/DRUGS,,39TH                         ST,FIGUEROA                     ST,34.014,-118.2827,POINT (-118.2827 34.014),08/22/2011 12:00:00 AM,2334,77TH ST,4212
2860765,BOOKING,08/30/2011,1445,03,Southwest,0378,40,F,B,09,Forgery/Counterfeit,M,475(A)PC,POSSESS ITEMS W/INTENT TO FORGE/CNTRFEIT,MISDEMEANOR COMPLAINT FILED,FIGUEROA                     ST,39TH                         ST,34.014,-118.2827,POINT (-118.2827 34.014),08/30/2011 12:00:00 AM,1733,77TH ST,4212
2860767,BOOKING,08/30/2011,1445,03,Southwest,0378,31,F,B,24,Miscellaneous Other Violations,M,853.7PC,FTA AFTER WRITTEN PROMISE,MISDEMEANOR COMPLAINT FILED,FIGUEROA,39TH,34.014,-118.2827,POINT (-118.2827 34.014),08/30/2011 12:00:00 AM,1737,77TH ST,4212
2931576,BOOKING,11/01/2011,0020,03,Southwest,0358,42,F,H,22,Driving Under Influence,M,23152(A)VC,DRUNK DRIVING ALCOHOL/DRUGS,,39TH                         ST,FIGUEROA                     ST,34.014,-118.2827,POINT (-118.2827 34.014),11/01/2011 12:00:00 AM,0125,77TH ST,4212
2945020,BOOKING,11/12/2011,1240,03,Southwest,0378,55,M,W,24,Miscellaneous Other Violations,M,594(B)2APC,DEFACE/DAMAGE PROPERTY <$400,MISDEMEANOR COMPLAINT FILED,3900 S  FIGUEROA                     ST,,34.014,-118.2827,POINT (-118.2827 34.014),11/12/2011 12:00:00 AM,1413,METRO - JAIL DIVISION,4273
2975036,BOOKING,12/10/2011,0200,03,Southwest,0359,23,F,H,22,Driving Under Influence,M,23152(A)VC,DRUNK DRIVING ALCOHOL/DRUGS,MISDEMEANOR COMPLAINT FILED,39TH                         ST,FIGUEROA                     ST,34.014,-118.2827,POINT (-118.2827 34.014),12/10/2011 12:00:00 AM,0457,77TH ST,4212
3532454,BOOKING,04/19/2013,0005,03,Southwest,0378,43,F,W,,,M,243.4APC,,,3900 S  FIGUEROA                     ST,,34.014,-118.2827,POINT (-118.2827 34.014),04/19/2013 12:00:00 AM,0124,77TH ST,4212
3052954,BOOKING,02/17/2012,0230,03,Southwest,0378,21,F,H,22,Driving Under Influence,M,23152(A)VC,DRUNK DRIVING ALCOHOL/DRUGS,,39TH                         ST,FIGUEROA                     ST,34.014,-118.2827,POINT (-118.2827 34.014),02/17/2012 12:00:00 AM,0325,77TH ST,4212
3059577,BOOKING,02/22/2012,1825,03,Southwest,0378,37,M,B,08,Other Assaults,M,243(E)(1)PC,BATT EX-SPOUSE/FIANCEE/PERSN W/DATING REL,MISDEMEANOR COMPLAINT FILED,3900 S  FIGUEROA                     ST,,34.014,-118.2827,POINT (-118.2827 34.014),02/22/2012 12:00:00 AM,2146,77TH ST,4212
3117110,BOOKING,04/11/2012,0135,03,Southwest,0359,22,M,H,23,Moving Traffic Violations,M,40508(A)VC,FTA/TRAFFIC WARRANT,MISDEMEANOR COMPLAINT FILED,FIGUEROA                     ST,39TH                         ST,34.014,-118.2827,POINT (-118.2827 34.014),04/11/2012 12:00:00 AM,0334,SOUTHEAST,4218
3145858,BOOKING,05/05/2012,0308,03,Southwest,0359,21,F,H,22,Driving Under Influence,M,23152(A)VC,DRUNK DRIVING ALCOHOL/DRUGS,,39TH                         ST,FIGUEROA,34.014,-118.2827,POINT (-118.2827 34.014),05/05/2012 12:00:00 AM,0356,METRO - JAIL DIVISION,4273
3184011,BOOKING,06/06/2012,1340,03,Southwest,0359,17,M,B,07,Vehicle Theft,F,10851(A)VC,TAKE VEHICLE W/O OWNER'S CONSENT,,39TH                         ST,FIGUEROA                     ST,34.014,-118.2827,POINT (-118.2827 34.014),06/06/2012 12:00:00 AM,1545,METRO - JAIL DIVISION,4273
3228044,BOOKING,07/13/2012,0055,03,Southwest,0359,27,M,H,22,Driving Under Influence,M,23152(A)VC,DRUNK DRIVING ALCOHOL/DRUGS,MISDEMEANOR COMPLAINT FILED,39TH                         ST,FIGUEROA,34.014,-118.2827,POINT (-118.2827 34.014),07/13/2012 12:00:00 AM,0228,77TH ST,4212
3231726,BOOKING,07/16/2012,1210,03,Southwest,0378,43,M,B,24,Miscellaneous Other Violations,M,853.7PC,FTA AFTER WRITTEN PROMISE,MISDEMEANOR COMPLAINT FILED,FIGUEROA,39TH,34.014,-118.2827,POINT (-118.2827 34.014),07/16/2012 12:00:00 AM,1344,77TH ST,4212
3231804,BOOKING,07/16/2012,1320,03,Southwest,0359,47,F,H,24,Miscellaneous Other Violations,O,3455(A)5PC,FTA ON REVOCATION,MISDEMEANOR COMPLAINT FILED,39TH                         ST,FIGUEROA                     ST,34.014,-118.2827,POINT (-118.2827 34.014),07/16/2012 12:00:00 AM,1530,77TH ST,4212
3244938,BOOKING,07/28/2012,1000,03,Southwest,0378,36,F,B,23,Moving Traffic Violations,M,40508(A)VC,FTA/TRAFFIC WARRANT,MISDEMEANOR COMPLAINT FILED,FIGUEROA,39TH,34.014,-118.2827,POINT (-118.2827 34.014),07/28/2012 12:00:00 AM,1159,77TH ST,4212
3324174,BOOKING,10/05/2012,0845,03,Southwest,0359,31,M,B,23,Moving Traffic Violations,M,14601.1AVC,DRIVE W/LIC SUSPEND/REVOKE 4 OTHER REASON,MISDEMEANOR COMPLAINT FILED,FIGUEROA,39TH                         ST,34.014,-118.2827,POINT (-118.2827 34.014),10/05/2012 12:00:00 AM,1008,77TH ST,4212
100309185,RFC,03/18/2010,1630,03,Southwest,0378,18,M,B,16,Narcotic Drug Laws,M,11357HS,POSSESSION CANNABIS,MISDEMEANOR COMPLAINT FILED,3900 S  FIGUEROA                     ST,,34.014,-118.2827,POINT (-118.2827 34.014),,,,
3330600,BOOKING,10/11/2012,0930,03,Southwest,0399,55,M,B,23,Moving Traffic Violations,M,14601(A)VC,DRIVE W/LIC SUSPEND/REV 4 RECKLESS DRIVG,MISDEMEANOR COMPLAINT FILED,39TH,FIGUEROA,34.014,-118.2827,POINT (-118.2827 34.014),10/11/2012 12:00:00 AM,1124,77TH ST,4212
100309632,RFC,03/25/2010,1200,03,Southwest,0378,45,M,H,17,Liquor Laws,M,41.27HLAMC,POSS OPEN CONTAINER ALC BEV,MISDEMEANOR COMPLAINT FILED,FIGUEROA,39TH,34.014,-118.2827,POINT (-118.2827 34.014),,,,
3348681,BOOKING,10/27/2012,0935,03,Southwest,0359,55,M,B,18,Drunkeness,M,647(F)PC,"DISORD CONDUCT:UI/DRUG, ALCOHOL",MISDEMEANOR COMPLAINT FILED,FIGUEROA                     ST,39TH                         ST,34.014,-118.2827,POINT (-118.2827 34.014),10/27/2012 12:00:00 AM,1209,77TH ST,4212
3363398,BOOKING,11/08/2012,1450,03,Southwest,0378,36,M,B,23,Moving Traffic Violations,M,14601.1AVC,DRIVE W/LIC SUSPEND/REVOKE 4 OTHER REASON,MISDEMEANOR COMPLAINT FILED,3900 S  FIGUEROA                     ST,,34.014,-118.2827,POINT (-118.2827 34.014),11/08/2012 12:00:00 AM,1633,77TH ST,4212
3447700,BOOKING,01/30/2013,2105,03,Southwest,0359,46,M,B,08,Other Assaults,M,243(A)PC,BATTERY ON PERSON,MISDEMEANOR COMPLAINT FILED,3900 S  FIGUEROA                     ST,,34.014,-118.2827,POINT (-118.2827 34.014),01/31/2013 12:00:00 AM,0455,77TH ST,4212
3492864,BOOKING,03/14/2013,1430,03,Southwest,0359,22,M,B,24,Miscellaneous Other Violations,M,853.7PC,FTA AFTER WRITTEN PROMISE,MISDEMEANOR COMPLAINT FILED,39TH,FIGUEROA,34.014,-118.2827,POINT (-118.2827 34.014),03/14/2013 12:00:00 AM,1531,77TH ST,4212
3531267,BOOKING,04/17/2013,2330,11,Northeast,1179,19,M,H,24,Miscellaneous Other Violations,F,594(B)(1)PC,VANDALISM W/LOSS VALUED EQ OR > $400,MISDEMEANOR COMPLAINT FILED,39TH                         ST,FIGUEROA,34.014,-118.2827,POINT (-118.2827 34.014),04/18/2013 12:00:00 AM,0313,METRO - JAIL DIVISION,4273
100314638,RFC,06/01/2010,1430,03,Southwest,0378,52,M,B,18,Drunkeness,M,41.27CLAMC,DRINKING IN PUBLIC,MISDEMEANOR COMPLAINT FILED,FIGUEROA,39TH                         ST,34.014,-118.2827,POINT (-118.2827 34.014),,,,
100316928,RFC,06/25/2010,2035,03,Southwest,0378,18,M,H,,,M,25628(B)BP,,MISDEMEANOR COMPLAINT FILED,3900 S  FIGUEROA                     ST,,34.014,-118.2827,POINT (-118.2827 34.014),,,,
3567400,BOOKING,05/21/2013,1930,03,Southwest,0378,55,M,B,16,Narcotic Drug Laws,F,11350(A)HS,POSSESSION NARCOTIC CONTROLLED SUBSTANCE,FELONY COMPLAINT FILED,3900 S  FIGUEROA,,34.014,-118.2827,POINT (-118.2827 34.014),05/21/2013 12:00:00 AM,2104,77TH ST,4212
100316415,RFC,06/25/2010,2100,03,Southwest,0378,19,M,H,17,Liquor Laws,M,25658(B)BP,CONSUME/PURCHASE ALCOHOLIC BEV BY MINOR,MISDEMEANOR COMPLAINT FILED,3900 S  FIGUEROA                     ST,,34.014,-118.2827,POINT (-118.2827 34.014),,,,
100316416,RFC,06/26/2010,1830,03,Southwest,0378,22,M,H,24,Miscellaneous Other Violations,M,602PC,TRESPASSING,MISDEMEANOR COMPLAINT FILED,3900 S  FIGUEROA                     ST,,34.014,-118.2827,POINT (-118.2827 34.014),,,,
100316425,RFC,06/26/2010,1930,03,Southwest,0378,21,F,W,17,Liquor Laws,M,25658(A)BP,SALE/ETC OF ALCOHOLIC BEVERAGE TO MINOR,MISDEMEANOR COMPLAINT FILED,3900 S  FIGUEROA                     ST,,34.014,-118.2827,POINT (-118.2827 34.014),,,,
100316427,RFC,06/26/2010,1920,03,Southwest,0378,19,M,H,17,Liquor Laws,M,25662(A)BP,MINOR IN POSSESSION OF ALCOHOLIC BEVERAGE,MISDEMEANOR COMPLAINT FILED,3900 S  FIGUEROA                     ST,,34.014,-118.2827,POINT (-118.2827 34.014),,,,
100316428,RFC,06/26/2010,1930,03,Southwest,0378,19,M,W,17,Liquor Laws,M,25658(B)BP,CONSUME/PURCHASE ALCOHOLIC BEV BY MINOR,MISDEMEANOR COMPLAINT FILED,3900 S  FIGUEROA                     ST,,34.014,-118.2827,POINT (-118.2827 34.014),,,,
100316439,RFC,06/25/2010,2030,03,Southwest,0378,19,F,W,17,Liquor Laws,M,25662(A)BP,MINOR IN POSSESSION OF ALCOHOLIC BEVERAGE,MISDEMEANOR COMPLAINT FILED,3900 S  FIGUEROA                     ST,,34.014,-118.2827,POINT (-118.2827 34.014),,,,
100316450,RFC,06/26/2010,1940,03,Southwest,0378,29,M,O,17,Liquor Laws,M,25662(A)BP,MINOR IN POSSESSION OF ALCOHOLIC BEVERAGE,MISDEMEANOR COMPLAINT FILED,3900 S  FIGUEROA                     ST,,34.014,-118.2827,POINT (-118.2827 34.014),,,,
100316451,RFC,06/26/2010,1930,03,Southwest,0378,20,M,H,17,Liquor Laws,M,25662(A)BP,MINOR IN POSSESSION OF ALCOHOLIC BEVERAGE,MISDEMEANOR COMPLAINT FILED,3900 S  FIGUEROA                     ST,,34.014,-118.2827,POINT (-118.2827 34.014),,,,
3598647,BOOKING,06/19/2013,2110,03,Southwest,0378,31,F,O,23,Moving Traffic Violations,M,40508(A)VC,FTA/TRAFFIC WARRANT,MISDEMEANOR COMPLAINT FILED,39TH                         ST,FIGUEROA                     ST,34.014,-118.2827,POINT (-118.2827 34.014),06/20/2013 12:00:00 AM,0013,77TH ST,4212
3652482,BOOKING,08/09/2013,1840,03,Southwest,0378,52,F,B,24,Miscellaneous Other Violations,O,3454(C)PC,FLASH INCARCERATION,,3900 S  FIGUEROA,,34.014,-118.2827,POINT (-118.2827 34.014),08/09/2013 12:00:00 AM,2150,METRO - JAIL DIVISION,4273
100319138,RFC,08/04/2010,1740,03,Southwest,0359,55,M,B,18,Drunkeness,M,41.27CLAMC,DRINKING IN PUBLIC,MISDEMEANOR COMPLAINT FILED,3900 S  FIGUEROA                     ST,,34.014,-118.2827,POINT (-118.2827 34.014),,,,
100320246,RFC,01/18/2011,1545,03,Southwest,0378,38,M,H,16,Narcotic Drug Laws,M,11357BHS,POSSESS 28.5 GRAMS OR LESS OF MARIJUANA**,MISDEMEANOR COMPLAINT FILED,3900 S  FIGUEROA                     ST,,34.014,-118.2827,POINT (-118.2827 34.014),,,,
100320284,RFC,08/21/2010,2025,03,Southwest,0378,20,M,W,17,Liquor Laws,M,25662(A)BP,MINOR IN POSSESSION OF ALCOHOLIC BEVERAGE,MISDEMEANOR COMPLAINT FILED,3900 S  FIGUEROA                     ST,,34.014,-118.2827,POINT (-118.2827 34.014),,,,
100320305,RFC,08/21/2010,2100,03,Southwest,0359,23,F,H,17,Liquor Laws,M,25658(A)BP,SALE/ETC OF ALCOHOLIC BEVERAGE TO MINOR,MISDEMEANOR COMPLAINT FILED,3900 S  FIGUEROA                     ST,,34.014,-118.2827,POINT (-118.2827 34.014),,,,
100320306,RFC,08/21/2010,2100,03,Southwest,0359,20,M,H,17,Liquor Laws,M,25662BP,MINOR POSSESS ALCOHOL,MISDEMEANOR COMPLAINT FILED,3900 S  FIGUEROA                     ST,,34.014,-118.2827,POINT (-118.2827 34.014),,,,
100320780,RFC,08/21/2010,1540,03,Southwest,0378,52,M,B,18,Drunkeness,M,41.27CLAMC,DRINKING IN PUBLIC,MISDEMEANOR COMPLAINT FILED,FIGUEROA,39TH                         ST,34.014,-118.2827,POINT (-118.2827 34.014),,,,
100321721,RFC,09/11/2010,1815,03,Southwest,0378,44,M,B,24,Miscellaneous Other Violations,M,42.00BLAMC,ILLEGAL STREET/SIDEWALK SALES,MISDEMEANOR COMPLAINT FILED,3900 S  FIGUEROA                     ST,,34.014,-118.2827,POINT (-118.2827 34.014),,,,
100322102,RFC,09/17/2010,1800,03,Southwest,0378,50,M,B,09,Forgery/Counterfeit,M,350(A)PC,MFG/SELL COUNTERFEIT MARK,MISDEMEANOR COMPLAINT FILED,3900 S  FIGUEROA                     ST,,34.014,-118.2827,POINT (-118.2827 34.014),,,,
3755190,BOOKING,10/26/2013,1400,03,Southwest,0378,31,M,W,24,Miscellaneous Other Violations,M,594(B)(1)PC,VANDALISM W/LOSS VALUED EQ OR > $400/10000,MISDEMEANOR COMPLAINT FILED,3900 S  FIGUEROA                     ST,,34.014,-118.2827,POINT (-118.2827 34.014),10/26/2013 12:00:00 AM,1732,77TH ST,4212
3776441,BOOKING,11/16/2013,1830,03,Southwest,0378,21,M,W,08,Other Assaults,M,243(B)PC,BATTERY ON PO/EMERGENCY PERSONNEL W/O INJ,,3900 S  FIGUEROA                     ST,,34.014,-118.2827,POINT (-118.2827 34.014),11/16/2013 12:00:00 AM,2052,77TH ST,4212
3783473,BOOKING,11/23/2013,1645,03,Southwest,0378,22,M,H,04,Aggravated Assault,F,273.5(A)PC,CORPORAL INJURY ON SPOUSE/COHABITANT/ETC,OTHER (REQUIRES ADDITION ACTION),3900 S  FIGUEROA                     ST,,34.014,-118.2827,POINT (-118.2827 34.014),11/23/2013 12:00:00 AM,1836,77TH ST,4212
3783943,BOOKING,11/24/2013,0030,03,Southwest,0378,30,F,W,18,Drunkeness,M,647(F)PC,"DISORD CONDUCT:UI/DRUG, ALCOHOL",MISDEMEANOR COMPLAINT FILED,3900 S  FIGUEROA                     ST,,34.014,-118.2827,POINT (-118.2827 34.014),11/24/2013 12:00:00 AM,0208,77TH ST,4212
100324643,RFC,10/23/2010,1945,03,Southwest,0359,21,M,W,18,Drunkeness,M,41.27CLAMC,DRINKING IN PUBLIC,MISDEMEANOR COMPLAINT FILED,3900 S  FIGUEROA                     ST,,34.014,-118.2827,POINT (-118.2827 34.014),,,,
100325017,RFC,10/23/2010,2215,03,Southwest,0378,16,M,H,24,Miscellaneous Other Violations,M,45.03ALAMC,CURFEW - JUV ONLY,COUNSELED/RELEASED,3900 S  FIGUEROA                     ST,,34.014,-118.2827,POINT (-118.2827 34.014),,,,
100325018,RFC,10/23/2010,2215,03,Southwest,0378,16,M,H,24,Miscellaneous Other Violations,M,45.03ALAMC,CURFEW - JUV ONLY,COUNSELED/RELEASED,3900 S  FIGUEROA                     ST,,34.014,-118.2827,POINT (-118.2827 34.014),,,,
100325019,RFC,10/23/2010,2215,03,Southwest,0378,15,M,H,24,Miscellaneous Other Violations,M,602.8(A)PC,ENTER LAND UNDER CULTIVATN W/O PERMISSION,COUNSELED/RELEASED,3900 S  FIGUEROA                     ST,,34.014,-118.2827,POINT (-118.2827 34.014),,,,
100325020,RFC,10/23/2010,2215,03,Southwest,0378,16,M,H,24,Miscellaneous Other Violations,M,602.8(A)PC,ENTER LAND UNDER CULTIVATN W/O PERMISSION,COUNSELED/RELEASED,3900 S  FIGUEROA                     ST,,34.014,-118.2827,POINT (-118.2827 34.014),,,,
100325022,RFC,10/23/2010,2215,03,Southwest,0378,16,M,H,24,Miscellaneous Other Violations,M,602.8(A)PC,ENTER LAND UNDER CULTIVATN W/O PERMISSION,COUNSELED/RELEASED,3900 S  FIGUEROA                     ST,,34.014,-118.2827,POINT (-118.2827 34.014),,,,
100325023,RFC,10/23/2010,2215,03,Southwest,0378,17,M,H,24,Miscellaneous Other Violations,M,602.8(A)PC,ENTER LAND UNDER CULTIVATN W/O PERMISSION,COUNSELED/RELEASED,3900 S  FIGUEROA                     ST,,34.014,-118.2827,POINT (-118.2827 34.014),,,,
100325024,RFC,10/23/2010,2215,03,Southwest,0378,17,M,H,24,Miscellaneous Other Violations,M,602.8(A)PC,ENTER LAND UNDER CULTIVATN W/O PERMISSION,COUNSELED/RELEASED,3900 S  FIGUEROA                     ST,,34.014,-118.2827,POINT (-118.2827 34.014),,,,
100325029,RFC,10/23/2010,2215,03,Southwest,0378,17,M,O,24,Miscellaneous Other Violations,M,45.03ALAMC,CURFEW - JUV ONLY,COUNSELED/RELEASED,3900 S  FIGUEROA                     ST,,34.014,-118.2827,POINT (-118.2827 34.014),,,,
100325030,RFC,10/23/2010,2215,03,Southwest,0378,17,M,H,24,Miscellaneous Other Violations,M,45.03ALAMC,CURFEW - JUV ONLY,COUNSELED/RELEASED,3900 S  FIGUEROA                     ST,,34.014,-118.2827,POINT (-118.2827 34.014),,,,
100325128,RFC,10/23/2010,2215,03,Southwest,0378,16,M,H,24,Miscellaneous Other Violations,M,45.03ALAMC,CURFEW - JUV ONLY,COUNSELED/RELEASED,3900 S  FIGUEROA                     ST,,34.014,-118.2827,POINT (-118.2827 34.014),,,,
100325129,RFC,10/23/2010,2215,03,Southwest,0378,16,M,O,24,Miscellaneous Other Violations,M,45.03ALAMC,CURFEW - JUV ONLY,COUNSELED/RELEASED,3900 S  FIGUEROA                     ST,,34.014,-118.2827,POINT (-118.2827 34.014),,,,
3871191,BOOKING,02/20/2014,1240,03,Southwest,0359,44,F,B,23,Moving Traffic Violations,M,14601.1AVC,DRIVE W/LIC SUSPEND/REVOKE 4 OTHER REASON,MISDEMEANOR COMPLAINT FILED,39TH,FIGUEROA,34.014,-118.2827,POINT (-118.2827 34.014),02/20/2014 12:00:00 AM,1405,77TH ST,4212
100327012,RFC,11/27/2010,1535,03,Southwest,0378,49,F,B,24,Miscellaneous Other Violations,M,42.00BLAMC,ILLEGAL STREET/SIDEWALK SALES,MISDEMEANOR COMPLAINT FILED,3900 S  FIGUEROA                     ST,,34.014,-118.2827,POINT (-118.2827 34.014),,,,
100327013,RFC,11/27/2010,1525,03,Southwest,0359,40,M,B,24,Miscellaneous Other Violations,M,42.00BLAMC,ILLEGAL STREET/SIDEWALK SALES,MISDEMEANOR COMPLAINT FILED,3900 S  FIGUEROA                     ST,,34.014,-118.2827,POINT (-118.2827 34.014),,,,
100327196,RFC,11/27/2010,1525,03,Southwest,0359,42,M,B,09,Forgery/Counterfeit,M,350(A)PC,MFG/SELL COUNTERFEIT MARK,MISDEMEANOR COMPLAINT FILED,3900 S  FIGUEROA                     ST,,34.014,-118.2827,POINT (-118.2827 34.014),,,,
100327197,RFC,11/27/2010,1505,03,Southwest,0359,46,M,B,09,Forgery/Counterfeit,M,350(A)PC,MFG/SELL COUNTERFEIT MARK,MISDEMEANOR COMPLAINT FILED,3900 S  FIGUEROA                     ST,,34.014,-118.2827,POINT (-118.2827 34.014),,,,
3932498,BOOKING,04/20/2014,1336,03,Southwest,0359,47,M,B,14,Sex (except rape/prst),F,314.1PC,"INDECENT EXPOSURE,ILL ENTRY OCCUPY DWELLG",FELONY COMPLAINT FILED,FIGUEROA,39TH                         ST,34.014,-118.2827,POINT (-118.2827 34.014),04/20/2014 12:00:00 AM,1507,77TH ST,4212
3967024,BOOKING,05/10/2014,2253,03,Southwest,0378,29,M,H,14,Sex (except rape/prst),M,647(J)(1)PC,PEEK THRU HOLE IN BATHRM/DRESSING ROOM,CITY ATTORNEY REJECT,3900 S  FIGUEROA                     ST,,34.014,-118.2827,POINT (-118.2827 34.014),05/11/2014 12:00:00 AM,0137,77TH ST,4212
4026464,BOOKING,07/08/2014,1655,13,Newton,1331,18,M,H,06,Larceny,F,459PCAUTO,BURGLARY FROM VEHICLE,DISTRICT ATTORNEY REJECT,FIGUEROA,39TH,34.014,-118.2827,POINT (-118.2827 34.014),07/08/2014 12:00:00 AM,2217,77TH ST,4212
4037994,BOOKING,07/21/2014,0030,03,Southwest,0359,35,M,H,22,Driving Under Influence,M,23152(A)VC,DRUNK DRIVING ALCOHOL/DRUGS,MISDEMEANOR COMPLAINT FILED,FIGUEROA,39TH                         ST,34.014,-118.2827,POINT (-118.2827 34.014),07/21/2014 12:00:00 AM,0217,77TH ST,4212
4040876,BOOKING,07/24/2014,0001,03,Southwest,0359,52,M,B,06,Larceny,F,666PC,PETTY THEFT W/SPECIFIED PRIOR CONVICTION,FELONY COMPLAINT FILED,39TH,FIGUEROA,34.014,-118.2827,POINT (-118.2827 34.014),07/24/2014 12:00:00 AM,0309,77TH ST,4212
4042931,BOOKING,07/26/2014,0010,03,Southwest,0378,27,M,H,08,Other Assaults,M,243(E)(1)PC,BATT EX-SPOUSE/FIANCEE/PERSN W/DATING REL,MISDEMEANOR COMPLAINT FILED,FIGUEROA,39TH                         ST,34.014,-118.2827,POINT (-118.2827 34.014),07/26/2014 12:00:00 AM,0254,77TH ST,4212
4048517,BOOKING,07/31/2014,1320,03,Southwest,0359,65,M,B,04,Aggravated Assault,F,A187(A)PC,ATTEMPT - MURDER,FELONY COMPLAINT FILED,FIGUEROA,39TH,34.014,-118.2827,POINT (-118.2827 34.014),07/31/2014 12:00:00 AM,2209,METRO - JAIL DIVISION,4273
4103296,BOOKING,09/21/2014,0937,03,Southwest,0378,30,M,B,08,Other Assaults,M,243(A)PC,BATTERY ON PERSON,,3900 S  FIGUEROA                     ST,,34.014,-118.2827,POINT (-118.2827 34.014),09/21/2014 12:00:00 AM,1219,77TH ST,4212
4106847,BOOKING,09/25/2014,1005,03,Southwest,0359,51,M,H,23,Moving Traffic Violations,M,14601.2AVC,DRIVE W/LIC SUSPEND/REVOKE 4 DRUGS/ALCOHL,MISDEMEANOR COMPLAINT FILED,FIGUEROA                     ST,39TH                         ST,34.014,-118.2827,POINT (-118.2827 34.014),09/25/2014 12:00:00 AM,1119,77TH ST,4212
4168703,BOOKING,11/29/2014,1255,03,Southwest,0378,23,M,B,12,Weapon (carry/poss),F,29800(A)1PC,POSS F/ARM BY CONVICTED FELON/ADDICT/ETC,FELONY COMPLAINT FILED,3900 S  FIGUEROA                     ST,,34.014,-118.2827,POINT (-118.2827 34.014),11/29/2014 12:00:00 AM,1510,77TH ST,4212
2850085,BOOKING,08/20/2011,0233,03,Southwest,0378,33,F,B,22,Driving Under Influence,M,23152(A)VC,DRUNK DRIVING ALCOHOL/DRUGS,,39TH,FIGUEROA,34.014,-118.2827,POINT (-118.2827 34.014),08/20/2011 12:00:00 AM,0349,77TH ST,4212
4419659,BOOKING,08/20/2015,0730,03,Southwest,0359,61,M,B,24,Miscellaneous Other Violations,M,853.7PC,FTA AFTER WRITTEN PROMISE,MISDEMEANOR COMPLAINT FILED,39TH                         ST,FIGUEROA                     BL,34.014,-118.2827,POINT (-118.2827 34.014),08/20/2015 12:00:00 AM,0855,SOUTHWEST,4203
4422675,BOOKING,08/23/2015,2100,03,Southwest,0359,37,M,H,24,Miscellaneous Other Violations,M,594(A)PC,VANDALISM,MISDEMEANOR COMPLAINT FILED,FIGUEROA                     ST,39TH                         ST,34.014,-118.2827,POINT (-118.2827 34.014),08/23/2015 12:00:00 AM,2212,77TH ST,4212
4554523,BOOKING,01/18/2016,1505,03,Southwest,0359,60,M,B,24,Miscellaneous Other Violations,M,853.7PC,FTA AFTER WRITTEN PROMISE,MISDEMEANOR COMPLAINT FILED,FIGUEROA,39TH                         ST,34.014,-118.2827,POINT (-118.2827 34.014),01/18/2016 12:00:00 AM,1717,77TH ST,4212
4684638,BOOKING,06/04/2016,0545,03,Southwest,0359,31,M,H,22,Driving Under Influence,M,23152(A)VC,DRUNK DRIVING ALCOHOL/DRUGS,MISDEMEANOR COMPLAINT FILED,FIGUEROA,39TH                         ST,34.014,-118.2827,POINT (-118.2827 34.014),06/04/2016 12:00:00 AM,0804,77TH ST,4212
4692294,BOOKING,06/12/2016,1100,03,Southwest,0359,40,M,B,24,Miscellaneous Other Violations,M,594(B)2APC,DEFACE/DAMAGE PROPERTY <$400,MISDEMEANOR COMPLAINT FILED,3900 S  FIGUEROA                     ST,,34.014,-118.2827,POINT (-118.2827 34.014),06/12/2016 12:00:00 AM,1406,77TH ST,4212
4730183,BOOKING,07/23/2016,0145,03,Southwest,0359,19,M,H,22,Driving Under Influence,M,23152(A)VC,DRUNK DRIVING ALCOHOL/DRUGS,,39TH                         ST,FIGUEROA                     ST,34.014,-118.2827,POINT (-118.2827 34.014),07/23/2016 12:00:00 AM,0341,77TH ST,4212
4784035,BOOKING,09/18/2016,1815,03,Southwest,0378,30,M,H,24,Miscellaneous Other Violations,M,594(A)PC,VANDALISM,MISDEMEANOR COMPLAINT FILED,FIGUEROA                     ST,39TH                         ST,34.014,-118.2827,POINT (-118.2827 34.014),09/18/2016 12:00:00 AM,1959,77TH ST,4212
4794512,BOOKING,09/29/2016,2230,03,Southwest,0378,24,M,H,16,Narcotic Drug Laws,F,11360(A)HS,TRANSPORT/SELL/FURNISH/ETC MARIJUANA,OTHER (REQUIRES ADDITION ACTION),FIGUEROA                     ST,39TH                         ST,34.014,-118.2827,POINT (-118.2827 34.014),09/30/2016 12:00:00 AM,0002,77TH ST,4212
4808983,BOOKING,10/17/2016,0205,03,Southwest,0359,28,M,H,22,Driving Under Influence,F,23153(A)VC,DUI ALCOHOL CAUSING INJURY,MISDEMEANOR COMPLAINT FILED,FIGUEROA                     ST,39TH                         ST,34.014,-118.2827,POINT (-118.2827 34.014),10/17/2016 12:00:00 AM,0725,77TH ST,4212
4826310,BOOKING,11/05/2016,1725,03,Southwest,0359,30,M,H,18,Drunkeness,M,647(F)PC,"DISORD CONDUCT:UI/DRUG, ALCOHOL",MISDEMEANOR COMPLAINT FILED,39TH                         ST,FIGUEROA                     ST,34.014,-118.2827,POINT (-118.2827 34.014),11/05/2016 12:00:00 AM,2010,SOUTHWEST,4203
4832743,BOOKING,11/13/2016,0239,03,Southwest,0359,61,M,W,22,Driving Under Influence,F,23153(A)VC,DUI ALCOHOL CAUSING INJURY,MISDEMEANOR COMPLAINT FILED,FIGUEROA                     ST,39TH                         ST,34.014,-118.2827,POINT (-118.2827 34.014),11/13/2016 12:00:00 AM,0534,77TH ST,4212
4848001,BOOKING,12/02/2016,1500,03,Southwest,0359,36,F,B,06,Larceny,M,484(A)PC,GRAND THEFT (OVER $400),MISDEMEANOR COMPLAINT FILED,3900 S  FIGUEROA                     ST,,34.014,-118.2827,POINT (-118.2827 34.014),12/02/2016 12:00:00 AM,1712,77TH ST,4212
4945748,BOOKING,03/28/2017,1400,03,Southwest,0359,36,F,B,24,Miscellaneous Other Violations,M,853.7PC,FTA AFTER WRITTEN PROMISE,MISDEMEANOR COMPLAINT FILED,FIGUEROA                     ST,39TH                         ST,34.014,-118.2827,POINT (-118.2827 34.014),03/28/2017 12:00:00 AM,1548,77TH ST,4212
4956626,BOOKING,04/09/2017,1500,03,Southwest,0359,30,F,O,16,Narcotic Drug Laws,M,11377HS,POSSESSION CONTROLLED SUBSTANCE,MISDEMEANOR COMPLAINT FILED,39TH                         ST,FIGUEROA                     AV,34.014,-118.2827,POINT (-118.2827 34.014),04/09/2017 12:00:00 AM,2025,77TH ST,4212
4984614,BOOKING,05/10/2017,2045,03,Southwest,0378,28,M,B,24,Miscellaneous Other Violations,O,3454(C)PC,FLASH INCARCERATION,MISDEMEANOR COMPLAINT FILED,FIGUEROA                     ST,39TH                         ST,34.014,-118.2827,POINT (-118.2827 34.014),05/11/2017 12:00:00 AM,0106,77TH ST,4212
4984621,BOOKING,05/10/2017,2045,03,Southwest,0378,24,M,B,12,Weapon (carry/poss),F,25850(A)PC,CARRY LOADED F/ARM PRSON/HEH PUBLIC PLACE,FELONY COMPLAINT FILED,FIGUEROA                     ST,39TH,34.014,-118.2827,POINT (-118.2827 34.014),05/11/2017 12:00:00 AM,0123,77TH ST,4212
110300506,RFC,12/31/2010,2200,03,Southwest,0378,22,M,H,,,O,13004VC,,MISDEMEANOR COMPLAINT FILED,3900 S  FIGUEROA                     ST,,34.014,-118.2827,POINT (-118.2827 34.014),,,,
5144871,BOOKING,08/26/2018,0115,03,Southwest,0378,25,M,H,12,Weapon (carry/poss),F,29800(A)1PC,POSS F/ARM BY CONVICTED FELON/ADDICT/ETC,DISTRICT ATTORNEY REJECT,FIGUEROA,39TH                         ST,34.014,-118.2827,POINT (-118.2827 34.014),08/26/2018 12:00:00 AM,0442,77TH ST,4212
5146075,BOOKING,11/04/2017,1905,03,Southwest,0359,37,M,H,22,Driving Under Influence,M,23152(A)VC,DRUNK DRIVING ALCOHOL/DRUGS,,39TH                         ST,FIGUEROA                     AV,34.014,-118.2827,POINT (-118.2827 34.014),11/04/2017 12:00:00 AM,2028,77TH ST,4212
5161754,BOOKING,11/23/2017,0355,03,Southwest,0359,33,M,B,07,Vehicle Theft,F,10851(A)VC,TAKE VEHICLE W/O OWNER'S CONSENT,FELONY COMPLAINT FILED,39TH                         ST,FIGUEROA,34.014,-118.2827,POINT (-118.2827 34.014),11/23/2017 12:00:00 AM,0548,77TH ST,4212
120320033,RFC,09/01/2012,1605,03,Southwest,0378,39,M,B,,,M,42.03(A)LAM,,MISDEMEANOR COMPLAINT FILED,3900 S  FIGUEROA                     ST,,34.014,-118.2827,POINT (-118.2827 34.014),,,,
120324216,RFC,11/03/2012,1600,03,Southwest,0334,34,M,B,,,M,42.03(A)LAM,,MISDEMEANOR COMPLAINT FILED,FIGUEROA,39TH,34.014,-118.2827,POINT (-118.2827 34.014),,,,
120320031,RFC,09/01/2012,1550,03,Southwest,0378,16,M,B,,,M,42.03(A)LAM,,COUNSELED/RELEASED,3900 S  FIGUEROA                     ST,,34.014,-118.2827,POINT (-118.2827 34.014),,,,
5295959,BOOKING,04/26/2018,2100,03,Southwest,0359,62,M,B,24,Miscellaneous Other Violations,F,3056PC,VIOLATION OF PAROLE:FELONY,FELONY COMPLAINT FILED,FIGUEROA,39TH,34.014,-118.2827,POINT (-118.2827 34.014),04/27/2018 12:00:00 AM,0017,77TH ST,4212
5341939,BOOKING,06/15/2018,1955,03,Southwest,0359,31,F,H,10,Fraud/Embezzlement,F,530.5(A)PC,GET CREDIT/ETC OTHER'S ID,CITY ATTORNEY REJECT,3900 S  FIGUEROA                     ST,,34.014,-118.2827,POINT (-118.2827 34.014),06/16/2018 12:00:00 AM,0216,77TH ST,4212
5396285,BOOKING,08/16/2018,1300,03,Southwest,0359,50,M,B,22,Driving Under Influence,M,23152(A)VC,DRUNK DRIVING ALCOHOL/DRUGS,,39TH                         ST,FIGUEROA,34.014,-118.2827,POINT (-118.2827 34.014),08/16/2018 12:00:00 AM,1547,METRO - JAIL DIVISION,4273
5405198,BOOKING,08/26/2018,0115,03,Southwest,0378,24,M,H,12,Weapon (carry/poss),F,29800(A)1PC,POSS F/ARM BY CONVICTED FELON/ADDICT/ETC,FELONY COMPLAINT FILED,FIGUEROA,39TH,34.014,-118.2827,POINT (-118.2827 34.014),08/26/2018 12:00:00 AM,0725,77TH ST,4212
5426100,BOOKING,09/18/2018,1535,03,Southwest,0378,58,M,B,24,Miscellaneous Other Violations,F,3000.08CPC,PAROLE WARRANT,FELONY COMPLAINT FILED,FIGUEROA,EXPOSITION PARK              DR,34.014,-118.2827,POINT (-118.2827 34.014),09/18/2018 12:00:00 AM,1950,77TH ST,4212
5452629,BOOKING,10/19/2018,1735,03,Southwest,0359,26,M,H,23,Moving Traffic Violations,M,14601.2AVC,DRIVE W/LIC SUSPEND/REVOKE 4 DRUGS/ALCOHL,MISDEMEANOR COMPLAINT FILED,FIGUEROA                     AV,39TH                         ST,34.014,-118.2827,POINT (-118.2827 34.014),10/19/2018 12:00:00 AM,2042,77TH ST,4212
5492469,BOOKING,12/10/2018,0920,03,Southwest,0359,51,M,B,24,Miscellaneous Other Violations,F,3000.08CPC,PAROLE WARRANT,FELONY COMPLAINT FILED,39TH,FIGUEROA,34.014,-118.2827,POINT (-118.2827 34.014),12/10/2018 12:00:00 AM,1142,77TH ST,4212
5492843,BOOKING,12/10/2018,1445,03,Southwest,0359,40,M,B,08,Other Assaults,F,422(A)PC,TERRORIZE CAUSING FEAR,MISDEMEANOR COMPLAINT FILED,3900 S  FIGUEROA                     ST,,34.014,-118.2827,POINT (-118.2827 34.014),12/10/2018 12:00:00 AM,1716,77TH ST,4212
5509502,BOOKING,12/31/2018,1530,03,Southwest,0359,40,M,H,09,Forgery/Counterfeit,F,470APC,FORGERY/COUNTERFEIT DRIVER'S LIC/ID CARD,MISDEMEANOR COMPLAINT FILED,3900 S  FIGUEROA                     ST,,34.014,-118.2827,POINT (-118.2827 34.014),12/31/2018 12:00:00 AM,1859,77TH ST,4212
5535060,BOOKING,01/31/2019,0115,03,Southwest,0359,49,M,B,08,Other Assaults,M,243(A)PC,BATTERY ON PERSON,MISDEMEANOR COMPLAINT FILED,3900 S  FIGUEROA                     ST,,34.014,-118.2827,POINT (-118.2827 34.014),01/31/2019 12:00:00 AM,0506,77TH ST,4212
5570119,BOOKING,03/12/2019,0252,03,Southwest,0378,57,M,B,24,Miscellaneous Other Violations,F,3000.08CPC,PAROLE WARRANT,,FIGUEROA,39TH                         ST,34.014,-118.2827,POINT (-118.2827 34.014),03/12/2019 12:00:00 AM,0516,77TH ST,4212
5651388,BOOKING,06/06/2019,1700,03,Southwest,0359,51,M,B,16,Narcotic Drug Laws,F,11377(A)HS,POSSESSION CONTROLLED SUBSTANCE,FELONY COMPLAINT FILED,S  FIGUEROA                     ST,39TH                         ST,34.014,-118.2827,POINT (-118.2827 34.014),06/06/2019 12:00:00 AM,2045,77TH ST,4212
5713046,BOOKING,08/09/2019,1720,03,Southwest,0359,37,F,B,11,Receive Stolen Property,F,496(A)PC,RECEIVING KNOWN STOLEN PROPERTY >$950,849(B)(1) PC/TECHNICAL ARREST,39TH                         ST,FIGUEROA                     ST,34.014,-118.2827,POINT (-118.2827 34.014),08/09/2019 12:00:00 AM,2328,77TH ST,4212
5713096,BOOKING,08/09/2019,1545,03,Southwest,0359,42,F,B,11,Receive Stolen Property,F,496(A)PC,RECEIVING KNOWN STOLEN PROPERTY >$950,849(B)(1) PC/TECHNICAL ARREST,39TH                         ST,FIGUEROA                     ST,34.014,-118.2827,POINT (-118.2827 34.014),08/10/2019 12:00:00 AM,0021,77TH ST,4212
5732868,BOOKING,08/30/2019,1945,03,Southwest,0359,26,M,H,03,Robbery,F,211PC,ROBBERY,FELONY COMPLAINT FILED,3900 S  FIGUEROA                     ST,,34.014,-118.2827,POINT (-118.2827 34.014),08/30/2019 12:00:00 AM,2211,77TH ST,4212
5767930,BOOKING,10/08/2019,0825,03,Southwest,0359,23,M,B,14,Sex (except rape/prst),M,314.1PC,"INDECENT EXPOSURE,ILL ENTRY OCCUPY DWELLG",MISDEMEANOR COMPLAINT FILED,3900 S  FIGUEROA                     ST,,34.014,-118.2827,POINT (-118.2827 34.014),10/08/2019 12:00:00 AM,1027,77TH ST,4212
5801651,BOOKING,11/17/2019,1905,03,Southwest,0359,21,M,H,08,Other Assaults,M,243(E)(1)PC,BATT EX-SPOUSE/FIANCEE/PERSN W/DATING REL,MISDEMEANOR COMPLAINT FILED,3900 S  FIGUEROA                     ST,,34.014,-118.2827,POINT (-118.2827 34.014),11/17/2019 12:00:00 AM,2031,77TH ST,4212
5812622,BOOKING,12/02/2019,0300,03,Southwest,0359,23,M,B,07,Vehicle Theft,F,487(D)(1)PC,GRAND THEFT AUTO/HORSE/ETC,849(B)(1) PC/TECHNICAL ARREST,FIGUEROA                     AV,39TH                         ST,34.014,-118.2827,POINT (-118.2827 34.014),12/02/2019 12:00:00 AM,0857,77TH ST,4212
5816544,BOOKING,12/06/2019,2210,03,Southwest,0359,54,M,H,24,Miscellaneous Other Violations,O,3056PC,VIOLATION OF PAROLE,MISDEMEANOR COMPLAINT FILED,FIGUEROA                     AV,39TH                         ST,34.014,-118.2827,POINT (-118.2827 34.014),12/07/2019 12:00:00 AM,0205,77TH ST,4212
4428852,BOOKING,08/29/2015,1940,03,Southwest,0359,32,F,B,09,Forgery/Counterfeit,F,484E(D)PC,ACQUIRE ACCESS CARD IN 4+ NAMES > 12 MOS,MISDEMEANOR COMPLAINT FILED,3900 S  FIGUEROA                     ST,,34.014,-118.2827,POINT (-118.2827 34.014),08/30/2015 12:00:00 AM,0034,77TH ST,4212
100309178,RFC,03/18/2010,1630,03,Southwest,0378,18,M,H,16,Narcotic Drug Laws,M,11357(B)HS,POSSESS 28.5 GRAMS OR MORE OF MARIJUANA,MISDEMEANOR COMPLAINT FILED,3900 S  FIGUEROA                     ST,,34.014,-118.2827,POINT (-118.2827 34.014),,,,
100320266,RFC,08/21/2010,1745,03,Southwest,0378,18,F,H,16,Narcotic Drug Laws,M,11357(B)HS,POSSESS 28.5 GRAMS OR MORE OF MARIJUANA,MISDEMEANOR COMPLAINT FILED,3900 S  FIGUEROA                     ST,,34.014,-118.2827,POINT (-118.2827 34.014),,,,
